"","Phylum","City","Slope","Estimate diff.","low CI","high CI"
"1","Proteobacteria",8.93253009786444,9.30483415601346,1.6025641025641,-4.58486987519508,7.78999808032328
"2","Gemmatimonadetes",4.01216923940028,1.86818180104861,7.05128205128205,1.61885690036125,12.4837072022029
"3","Firmicutes",0.140466910079416,0.214953600180983,-4.48717948717949,-10.4046055186247,1.43024654426574
"4","Chloroflexi",5.96758493270975,4.62262948220624,2.72435897435897,-3.38965986631434,8.83837781503228
"5","Actinobacteria",50.2114699312168,49.7016946134306,1.76282051282051,-4.41649930067514,7.94214032631616
"6","Deinococcus-Thermus",5.11093812491056,4.07112390139349,2.72435897435897,-3.38965986631434,8.83837781503228
"7","Bacteroidetes",5.95359616332674,11.128461319689,0.961538461538461,-5.25055902795549,7.17363595103242
"8","Cyanobacteria",19.2631123811347,16.3693475004855,3.04487179487179,-3.04094642419529,9.13069001393888
