"","Phylum","Location - P","Location - EtaSq","Slope - City"
"1","Proteobacteria",0.597248441361427,0.0123274161735701,0.597248441361428
"2","Gemmatimonadetes",0.0132175165615329,0.238658777120316,0.0132175165615329
"3","Firmicutes",0.130383296218202,0.0966469428007889,0.130383296218202
"4","Chloroflexi",0.366213220991707,0.0356262327416173,0.366213220991708
"5","Actinobacteria",0.560849837437107,0.0149161735700197,0.560849837437107
"6","Deinococcus-Thermus",0.366213220991707,0.0356262327416173,0.366213220991708
"7","Bacteroidetes",0.751709903165957,0.00443786982248517,0.751709903165957
"8","Cyanobacteria",0.311431082166754,0.0445019723865877,0.311431082166753
